type,count
R1-6,3437
T2a,866
Tm3,858
T4c,842
T3,823
Mi1,796
L1,793
L2,791
L5,785
T4d,777
Tm1,775
Mi9,770
C3,768
Tm2,767
T5c,766
Mi4,765
T5b,760
Tm9,755
T4b,748
Tm20,744
C2,743
T5a,743
L3,738
T1,738
T4a,737
Tm4,734
T5d,727
T2,725
L4,724
R7,659
R8,655
Tm21,623
Dm2,598
TmY5a,572
Tm27,559
Dm3p,500
Mi15,480
Dm3q,456
Mi2,427
Tm5f,397
TmY3,359
Tm25,353
Mi13,350
Dm3v,320
Tm5c,308
Y3,305
Dm10,249
Tm5e,239
Tm7,234
Lai,231
Tm5b,226
TmY10,222
Tm5a,219
TmY4,211
Mi10,207
Dm15,201
Dm8b,197
Sm02,195
TmY9q__perp,189
TmY14,185
Dm8a,184
LC12,183
TmY11,178
Tm16,174
Tm5d,174
TmY9q,173
Lawf2,168
TmY31,156
Sm07,153
Lawf1,152
Sm01,144
LC17,142
TmY20,142
Tm36,141
TmY15,135
Dm9,128
Mi14,127
MeTu1,123
LC10a,121
Pm01,119
Tm8a,119
LLPC2,115
Tm37,114
LLPC1,113
Dm12,109
LC10c,102
LLPC3,102
LPLC2,102
Y12,97
LC10d,95
Pm03,94
Sm03,94
Li06,93
LC18,92
LC9,92
Li10,92
Pm02,88
Li05,86
Li01,84
Sm09,83
LPC1,82
Y1,82
Sm06,81
Sm08,81
Y4,79
Tm32,76
TmY16,76
Pm05,75
LC16,74
Sm04,74
Sm05,73
LPLC1,72
Sm12,72
LC13,70
Y11,68
Tlp1,67
Dm11,66
MeTu3c,65
LC21,62
LPC2,62
LC11,61
LC6,60
MeTu4a,60
Tm35,60
Pm08,59
Tm8b,59
LC28a,56
LPi09,56
Tm33,56
MLt3,55
LC15,54
LPLC4,54
Tm31,54
Sm15,53
LC10e,51
LPi04,51
LPi07,51
MeTu4c,51
LC4,50
MTe51,50
Li02,49
Tlp4,49
LPi02,48
MLt2,48
Dm20,47
MTe01a,47
LC22,46
Li03,46
MeTu3b,46
Li17,45
Dm16,44
MLt1,44
MLt4,44
LC10b,43
Sm10,43
cLP02,43
LPi05,42
Pm04,40
Dm4,39
MTe02,38
Pm09,38
Dm1,37
Tm34,37
LLPt,36
MLt5,36
MeTu2a,36
LC24,35
LMa5,34
Sm16,34
LMa4,33
Li11,32
Li13,32
Dm6,31
LC26,31
MLt6,30
LC25,29
MTe50,29
Sm32,29
Tlp14,29
LCe02,28
LMa1,28
MTe54,28
Sm20,28
aMe5,28
LMt2,27
LPi11,27
MTe01b,27
Sm19,27
Tlp5,27
cLP01,27
LC20a,26
Li09,26
Dm18,25
LCe03,25
Pm06,25
Dm13,24
MLt7,24
MTe03,24
MTe52,24
Pm10,24
DmDRA1,23
LC20b,23
LC29,23
LCe01b,23
LMt1,23
Sm22,23
LPi08,22
Li08,22
Sm21,22
Sm23,22
LPi10,21
Li12,21
LMa2,20
LMt4,20
LPTe01,20
MeTu3a,20
Sm13,20
cLP03,20
LC27,19
Sm14,19
LC40,18
LCe04,18
LMa3,18
LMt3,18
MTe04,18
MeTu4d,18
uncertain,18
LC31a,17
LC36,17
LPi06,17
Li16,17
Sm18,17
LPi01,16
LT52,16
Li04,16
Li15,16
Pm07,16
Pm11,16
LC33,15
Li18,15
Dm14,14
MLt8,14
MeTu2b,14
Li14,13
DmDRA2,12
LC45,12
LCe01a,12
MeTu4b,12
Sm30,12
Sm31,12
Dm19,11
LT51,11
LT57,11
Li21,11
MTe05,11
Li07,10
Sm26,10
LC37,9
Sm25,9
LCe05,8
LCe09,8
LTe64,8
Li22,8
MTe06,8
cL01,8
LC19,7
LC34,7
LC46,7
LPi03,7
LTe09,7
MTe53,7
Sm27,7
APDN3,6
LC41,6
LC43,6
LCe06,6
LCe07,6
LPTe02,6
LTe58,6
Lat,6
LatB,6
Li24,6
MTe08,6
PDt,6
Sm17,6
Sm34,6
Sm43,6
LC31b,5
LT81,5
LTe68,5
Sm29,5
aMe4,5
Dm17,4
LC35,4
LC39,4
LCe08,4
LPT31,4
LT53,4
LT70,4
LT78,4
LTe38a,4
LTe43,4
LTe65,4
Li26,4
MTe09,4
MTe10,4
Sm11,4
Sm24,4
VST2,4
cL02b,4
cL03,4
s-LNv,4
AN_multi_124,3
LLPC4,3
LPT23,3
LT77,3
LT82,3
LTe32,3
LTe49c,3
LTe63,3
LTe66,3
Li20,3
MC65,3
MTe11,3
MTe12,3
MTe13,3
Sm28,3
Sm33,3
Sm35,3
Sm36,3
aMe12,3
aMe26,3
cL02a,3
cL02c,3
cL18,3
cLLPM01,3
cM03,3
cM04,3
cM08c,3
cM09,3
CB3089,2
DN1a,2
LC10f,2
LC44,2
LM102a_L234-M89,2
LPi14,2
LT38,2
LT43,2
LT63,2
LT64,2
LT68,2
LT73,2
LT74,2
LT80,2
LTe01,2
LTe02,2
LTe03,2
LTe33,2
LTe37,2
LTe38b,2
LTe47,2
LTe49a,2
LTe49b,2
LTe49d,2
LTe49f,2
LTe50,2
LTe54,2
LTe67,2
Li124_56,2
Li19,2
Li25,2
Li27,2
Li28,2
MTe14,2
MTe15,2
MTe16,2
MTe17,2
Nod1,2
OA-AL2i2,2
OA-AL2i3,2
PLP231,2
Pm12,2
Pm14,2
Sm38,2
Sm40,2
VST1,2
VSm,2
aMe1,2
aMe17b,2
aMe17c,2
aMe8,2
cL04,2
cL16,2
cL21,2
cLLP02,2
cM08a,2
cM08b,2
cMLLP02,2
mALC6,2
s-CPDN3A,2
5-HTPMPV01,1
5th-LNv,1
AOTU026,1
AOTU054,1
AOTU065,1
AVLP151,1
AVLP534,1
AVLP593,1
Am1,1
CB0143,1
CB0734,1
CB0802,1
CB1329,1
CB2685,1
CB2848,1
CB3235,1
CB3238,1
CB3790,1
CB3866,1
CL104,1
CT1,1
DCH,1
DGI,1
DN1-l,1
DNc01,1
DNc02,1
DNg33,1
DNp11,1
DNp31,1
DNpe053,1
H2,1
HSE,1
HSN,1
HSS,1
LAL047,1
LC31c,1
LHPV2i2a,1
LNd_CRY+_ITP+,1
LPT04_HST,1
LPT21,1
LPT22,1
LPT26,1
LPT27,1
LPT28,1
LPT29,1
LPT30,1
LPT42_Nod4,1
LPT47_vCal2,1
LPT48_vCal3,1
LPT49,1
LPT51,1
LPT52,1
LPT53,1
LPT54,1
LPT57,1
LPT58,1
LPi12,1
LPi13,1
LPi15,1
LT11,1
LT1a,1
LT1b,1
LT1c,1
LT1d,1
LT33,1
LT34,1
LT36,1
LT37,1
LT39,1
LT40,1
LT41,1
LT42,1
LT47,1
LT56,1
LT58,1
LT59,1
LT60,1
LT61a,1
LT61b,1
LT62,1
LT65,1
LT67,1
LT69,1
LT72,1
LT75,1
LT76,1
LT79,1
LT83,1
LT84,1
LT85,1
LT86,1
LT87,1
LTe04,1
LTe05,1
LTe06,1
LTe07,1
LTe08,1
LTe10,1
LTe11,1
LTe12,1
LTe13,1
LTe14,1
LTe15,1
LTe16,1
LTe17,1
LTe18,1
LTe19,1
LTe20,1
LTe21,1
LTe22,1
LTe23,1
LTe24,1
LTe25,1
LTe26,1
LTe27,1
LTe28,1
LTe29,1
LTe30,1
LTe31,1
LTe35,1
LTe36,1
LTe40,1
LTe41,1
LTe42a,1
LTe42b,1
LTe42c,1
LTe44,1
LTe45,1
LTe46,1
LTe48,1
LTe49e,1
LTe51,1
LTe53,1
LTe55,1
LTe56,1
LTe57,1
LTe59a,1
LTe59b,1
LTe60,1
LTe61,1
LTe62,1
LTe69,1
LTe70,1
LTe72,1
LTe73,1
LTe74,1
LTe75,1
LTe76,1
Li23,1
Li29,1
Li30,1
Li31,1
Li32,1
Li33,1
MTe18,1
MTe19,1
MTe20,1
MTe21,1
MTe22,1
MTe23,1
MTe24,1
MTe25,1
MTe26,1
MTe27,1
MTe28,1
MTe29,1
MTe30,1
MTe31,1
MTe32,1
MTe33,1
MTe34,1
MTe35,1
MTe36,1
MTe37,1
MTe38,1
MTe39,1
MTe40,1
MTe41,1
MTe42,1
MTe43,1
MTe44,1
MTe45,1
MTe48,1
MTe49,1
Nod2,1
Nod3,1
Nod5,1
OA-AL2i1,1
OA-AL2i4,1
OLVC7,1
PLP020,1
PLP022,1
PLP023,1
PLP032,1
PLP035,1
PLP036,1
PLP037b,1
PLP051,1
PLP068,1
PLP081,1
PLP103b,1
PLP104,1
PLP150a,1
PLP155,1
PLP163,1
PLP177,1
PLP185,1
PLP215,1
PLP239,1
PLP248,1
PLP249,1
PLP251,1
PLP252,1
Pm13,1
Sm37,1
Sm39,1
Sm41,1
Sm42,1
VCH,1
VS1,1
VS2,1
VS3,1
VS4,1
VS5,1
VS6,1
VS7,1
VS8,1
aMe15,1
aMe17a1,1
aMe17a2,1
aMe20,1
aMe22,1
aMe24,1
aMe25,1
aMe3,1
aMe6a,1
cL05,1
cL06,1
cL07,1
cL08,1
cL09,1
cL10,1
cL11,1
cL12,1
cL13,1
cL14,1
cL15,1
cL20,1
cL22a,1
cL22b,1
cL22c,1
cLLPM02,1
cLM01,1
cLP04,1
cLP05,1
cLPL01,1
cM01a,1
cM01b,1
cM01c,1
cM02a,1
cM02b,1
cM05,1
cM06,1
cM07,1
cM10,1
cM12,1
cM13,1
cM14,1
cM15,1
cM16,1
cM17,1
cM18,1
cML01,1
cML02,1
cMLLP01,1
l-CPDN3,1
mALC3,1
mALC4,1
mALC5,1
mALD1,1
mALD2,1
vCal1,1
